{"cameraMode":{"drawMode":0,"name":"Shaded","section":"Shading Mode"},"sceneLighting":true,"audioPlay":false,"sceneViewState":{"showFog":true,"showMaterialUpdate":false,"showSkybox":true,"showFlares":true,"showImageEffects":true,"showParticleSystems":true,"showVisualEffectGraphs":true,"m_FxEnabled":true},"in2DMode":false,"pivot":{"x":-97.66098022460938,"y":-36.709129333496097,"z":57.34159851074219},"rotation":{"x":0.08524522930383682,"y":0.013949674554169178,"z":-0.0014808786800131202,"w":0.9963055849075317},"size":36.87148666381836,"orthographic":false}